author_id,author_name,text_hash,words,sura,aaya
02-17,"النسفي",4e402a66158889ba9ee42e2f49946276,2623,2,177
02-17,"النسفي",e91e1ac5d06e6aeb881749ff6c822338,2574,3,123
02-17,"النسفي",2aaba4769ccd0d2f24c287e716a0e354,2499,2,1
02-17,"النسفي",701954031a99b248ebdd188db4f57b96,2356,3,21
02-17,"النسفي",be9fa790d6a727044cb29cfc4e36d668,2328,2,189
02-17,"النسفي",5cb13b9f55a5a0c3dd2584dbf2edb792,2269,2,258
02-17,"النسفي",bf7d1da83a9d3bce2c2d24bae8496825,2207,2,25
02-17,"النسفي",fbe4fc6e82962f0fd9642c2721b4a355,2182,4,24
02-17,"النسفي",b92ac73a8580f863278b191f83e4ba2d,2058,2,20
02-17,"النسفي",75f6763874b933a41c222f2d00568e3e,2055,1,1
02-17,"النسفي",444c60af12ec3d0ee34d2b48bc6247b8,1924,3,83
02-17,"النسفي",95137038a9cff3d13c4a9630c023e269,1881,2,272
02-17,"النسفي",8ec8d4e4cdf0821d3652254b12eef0f1,1856,2,233
02-17,"النسفي",de90b0e831ed0776cce29563fe573f98,1831,4,5
02-17,"النسفي",4072192c652e93bad5a840304ee14ae0,1724,7,140
02-17,"النسفي",8a75ec998e8849283160f3e8f6210e6f,1691,5,87
02-17,"النسفي",2b274dc442edc368f9e70129c35e0575,1600,4,47
02-17,"النسفي",9a6405a7bf542756f8a2af32eadc8f7e,1590,2,6
02-17,"النسفي",4708c668ef0d4e71b7e60dd23cdb3c7f,1586,4,36
02-17,"النسفي",c82e5ad75e838c2bb0a233c1d2897a18,1556,2,241
02-17,"النسفي",a7041c683410f0aeb22abe78964d2665,1548,38,1
02-17,"النسفي",2c0e05a0df41152ea6c0929b3e7abb77,1538,5,66
02-17,"النسفي",dde27f3a1da293ef09c4a8b309364120,1511,2,17
02-17,"النسفي",c5e765da73e3fd26eac7d37822bc7c3c,1509,3,157
02-17,"النسفي",23a6c45833da5f626913c662b7e8a07d,1507,49,2
02-17,"النسفي",22a2da642d62ef4ee3497ccb1bc24e96,1497,59,1
02-17,"النسفي",53e3233b975116ef42e9720035ad44a3,1487,2,125
02-17,"النسفي",26bd4e2f900a6e138a3d0cc097835483,1465,6,93
02-17,"النسفي",303836f001676fd4b8dde8244181aea5,1450,7,72
02-17,"النسفي",35c0fd72f78f9fa2b4653c7bb35b41cb,1450,39,60
02-17,"النسفي",5ce189daf3ed936791dcd51696e8cf7b,1447,71,1
02-17,"النسفي",e89c7d45cdb56ea7dcedbd58b3db344a,1436,37,139
02-17,"النسفي",571f037ea54428f21bd7f63d66f537e7,1431,7,180
02-17,"النسفي",745ce23a78db58a965b957a2dd6fd7ef,1429,3,70
02-17,"النسفي",1e99f2ccd9bf56e7e9a0d2d310d252b8,1428,8,6
02-17,"النسفي",8ca0bf2e720d855d097ede2d292b529f,1427,4,91
02-17,"النسفي",6afba665a215c0238b764f57e60fe886,1401,2,203
02-17,"النسفي",335513fd33034fd88c8929d8b53f2f8b,1366,7,103
02-17,"النسفي",b72bd146554aa359d413de87699b3440,1365,3,98
02-17,"النسفي",1b1ec4e4768269836a1a80e8aab93d58,1360,58,8
02-17,"النسفي",980eb7d99c9c0baa3c1f7e2f35c1f0fd,1350,3,148
02-17,"النسفي",5fd0d5124cd2431cb132352d67be21f3,1350,7,22
02-17,"النسفي",9af6a94b5567c9e4c6f59d6d78537436,1340,33,1
02-17,"النسفي",c4092609c2539ff02bd4b9e7ec20622a,1329,7,44
02-17,"النسفي",fd12bb566d9af68962fb487b6b3410aa,1326,8,32
02-17,"النسفي",977dd094b137ab5b6397a5a6cda74ef8,1325,3,181
02-17,"النسفي",dd996ce2ec62537a9e6da028dac162d9,1323,4,63
02-17,"النسفي",b48ab7a7a6c21c25570a7c75f5144ee5,1311,3,10
02-17,"النسفي",46aab776e17179a56c24cbbc4f4b5717,1309,33,50
02-17,"النسفي",76d06a4dc8cf54a2b8fc8d6801c66832,1306,5,96
02-17,"النسفي",e0b80c73f663853cb88627234acfa1cf,1299,49,12
02-17,"النسفي",0743cd2ea71b82426fb6bf8e3f087947,1293,67,1
02-17,"النسفي",0838ce8f333662338615b45b8ad647e9,1278,6,68
02-17,"النسفي",37c20a28ea18f85169b7f1b8740815d2,1277,3,41
02-17,"النسفي",5caa07c7ef2442f904165c73dda7686c,1275,9,49
02-17,"النسفي",48128cc3092aec03f2e9a0092e7bb3dc,1270,47,1
02-17,"النسفي",de5ca435f55aaf3040a55cbc7ad074bb,1263,38,45
02-17,"النسفي",429b000661be9631cbdb8d09a92ae7bd,1260,9,1
02-17,"النسفي",40732d0835344519d908be9729b6986f,1260,9,101
02-17,"النسفي",a8addb9b9c5aaf1e8922b1533919d432,1250,40,22
02-17,"النسفي",ec32ab9ce6e93cb809d123eb436c5405,1250,57,13
02-17,"النسفي",c9933300edcd99455a893bbd5cdff9af,1243,42,23
02-17,"النسفي",5132d45283e1548c8e18d5ed19d75f75,1241,9,117
02-17,"النسفي",87176574cb32581164484fbf77c5b9d9,1228,4,18
02-17,"النسفي",52139ed5c2e9571df9dce3ec48781184,1228,5,42
02-17,"النسفي",ce365f6fac3483caa223858488ff1986,1227,3,113
02-17,"النسفي",b8749675653607013711db4183bb4440,1214,2,138
02-17,"النسفي",d1aa7b920d3af67c9523cd7d60ddf324,1210,50,23
02-17,"النسفي",c4e94cf8db9561e64450fdffc25eeeaf,1206,40,52
02-17,"النسفي",0038d94c7d9042959a7f18a3feee0f1c,1200,2,219
02-17,"النسفي",b5fa0c64d2efd6ef4fed070f4423e51c,1200,3,171
02-17,"النسفي",48a29c51b76c52d2be73ad9cca634258,1200,4,1
02-17,"النسفي",1317766a0366f2385a5c278c4077b82b,1198,48,1
02-17,"النسفي",1e9f3879336bbe8a465a520eeed2660b,1190,65,1
02-17,"النسفي",3f9ada0bac539eccb8ca7e29e3f75e1e,1179,2,252
02-17,"النسفي",312b503756b394f6266921aebdbf85a8,1179,8,43
02-17,"النسفي",81c531867c57a5d86188572d9203a21c,1177,39,31
02-17,"النسفي",6dfa4e0791a9e2fe78279138b2221c2f,1171,2,165
02-17,"النسفي",f31fa6e0e7a98463a24c2fdeedaeb44f,1170,4,12
02-17,"النسفي",b1939adee1cae6253710503e59f67333,1168,74,26
02-17,"النسفي",0e08209ecdb935b6a265313f0a2cf034,1166,6,128
02-17,"النسفي",67c8a84c0d7b0dad3378b7b739e82f30,1166,35,15
02-17,"النسفي",645fc0e0cfd5d75d722b3dbe0cd7968a,1162,2,11
02-17,"النسفي",7d4c40764d0b1e25b8dc4f8b96224031,1161,48,16
02-17,"النسفي",264b84e8a2d161b870d0fe3c5c8356b8,1159,4,105
02-17,"النسفي",ef324ad00aaedb8ccc1a6acc1681506d,1145,4,159
02-17,"النسفي",ae4d25cd567f33dc490e450d7d46480a,1144,4,77
02-17,"النسفي",e806dd18cf99f2be3f56397d14b297dc,1140,5,12
02-17,"النسفي",88a7d9593e6e0228dd4df2fa540e0928,1140,83,1
02-17,"النسفي",1d05ee381f8ddc7a92d13a579dc9fcb9,1138,6,13
02-17,"النسفي",f7a20d9e2d3ee112775778bf904ddcd0,1138,44,22
02-17,"النسفي",9d039bc8f7206fcc421c69302ae1c692,1138,50,1
02-17,"النسفي",b72dba88200343b5d9431e4db5cb28ab,1131,9,73
02-17,"النسفي",75b53373109e20766ef178171bea6afc,1121,2,113
02-17,"النسفي",d21cdc40003c60e942a9d51998787fc9,1119,6,1
02-17,"النسفي",6d89c868673dd509b1b9e396fc676c78,1115,37,1
02-17,"النسفي",5628c6ce69e22c21615d3689e36d2d22,1114,33,9
02-17,"النسفي",162349ceef049e61565a6d75d0fc0ea4,1114,33,31
02-17,"النسفي",bff34505487ad4dc6c2087b91830aa57,1111,32,1
02-17,"النسفي",45a89afd364686e07522caac19aa42dc,1109,37,103
02-17,"النسفي",307255d97edd14900daffaf01dc0200d,1104,40,1
02-17,"النسفي",2919d71464f022b3d9c1f500f585d223,1102,5,1
02-17,"النسفي",395486821012269f6f8f0416205f5cd1,1096,4,130
02-17,"النسفي",b28a05aa69ee20a48e472ea97b5a7bf3,1094,46,1
02-17,"النسفي",1eea6ab6bc8045048e90454329c1e6f3,1094,54,13
02-17,"النسفي",34ecb75ebbbf989d37cf8135758a91a2,1091,42,33
02-17,"النسفي",27dadfebc8e6f0025473684cec311610,1088,2,98
02-17,"النسفي",06f96d3ef778ee3e0936b34d0df781da,1086,33,20
02-17,"النسفي",7a1e675bbcf34b070169285f131e52a7,1083,40,35
02-17,"النسفي",f8f4facd491a0f1622da3a667e76e900,1083,60,6
02-17,"النسفي",f891964a0ba4803431523499045b9251,1082,7,170
02-17,"النسفي",abe5961b3fac5be260e8ff87eb074638,1077,41,33
02-17,"النسفي",bdd60109a39f1b680a53febb3b2358c7,1070,3,58
02-17,"النسفي",d684fc8fe1771a0dd2a42ed9f0d9346f,1069,43,33
02-17,"النسفي",a2da291753392c55412303dbe297c4e1,1068,2,283
02-17,"النسفي",cbc59e4db59149d39b745abc042f940b,1063,66,1
02-17,"النسفي",2251891f035eb9c8db44cc4e230e14c8,1060,42,12
02-17,"النسفي",115faaa79a2b6f24d785f3f35d6f4e19,1058,6,115
02-17,"النسفي",cab1d081dce05246bf6567ff3886dec2,1058,56,68
02-17,"النسفي",2a2f7211ce231b62a5e5174ff2dca8a8,1056,8,67
02-17,"النسفي",379faefd483e8c3b288b6ecfba649eec,1053,7,88
02-17,"النسفي",0e161af187047d47978fd60d3376202b,1051,36,71
02-17,"النسفي",1b8ca08802ab9487af65d803dac7917a,1049,55,14
02-17,"النسفي",8eef76e1bc1509b490846206fef646ab,1047,39,19
02-17,"النسفي",9db1f37b51089a70135380be44fd3179,1046,4,142
02-17,"النسفي",f43a394e1b3db599d416d55d47118aaf,1039,33,38
02-17,"النسفي",304014b5372055a521ddf7fbe1430b74,1036,72,10
02-17,"النسفي",3754dd8f25cca5244da4c646ebb96bdc,1033,34,29
02-17,"النسفي",e98840e611477c09a01436af31f90daf,1029,2,28
02-17,"النسفي",52bed21b2491ec4e7275326883bb3058,1029,6,148
02-17,"النسفي",cfb29c94ce823fdccca6166678e85887,1024,45,11
02-17,"النسفي",cfb4b9aae39a1b260bda37d5226e83db,1016,7,151
02-17,"النسفي",e8f9d676b9b1abd7cfd98c582e65db61,1015,41,22
02-17,"النسفي",0b4b846d984816b2c61704f90031a9e1,1012,5,27
02-17,"النسفي",e227dc4ab754f00d4824d05462e4ae90,1002,59,11
02-17,"النسفي",ffd766246f3e894350803b51005ebd8e,997,4,100
02-17,"النسفي",4647cf9448bc91fad451bb18b5ef57ae,996,39,1
02-17,"النسفي",06ee381246751ccd75da59a5e19363ac,995,6,42
02-17,"النسفي",8a95f733d489db9f491806193dd92ca7,986,43,71
02-17,"النسفي",e88c01205e42696c1bc35c1f279cd787,980,2,224
02-17,"النسفي",bb6678fb6135b9f1fdab19ac490ed706,976,6,56
02-17,"النسفي",57fad281d8e5e3e2271e5ff3debd8bd0,970,44,1
02-17,"النسفي",b399e5e5f5c7d2a8b11d5d630b286475,966,2,33
02-17,"النسفي",8b9d0311dfc72358a1e1a4e53f42ed94,964,33,61
02-17,"النسفي",b1f77b15ac8dee91ffb895720d98383b,960,4,123
02-17,"النسفي",4fdb54075ce9ab378deb73eda2fe1d31,958,61,1
02-17,"النسفي",5fe0ec585c039cb4f3439104c34432d0,957,58,1
02-17,"النسفي",1e9d1d9e14c21581909c498f4551e6bc,955,9,27
02-17,"النسفي",03187c55f96167c7015a99243c27f18a,954,46,13
02-17,"النسفي",6eac17ab684cba242cb91da4471d30f8,953,76,1
02-17,"النسفي",ce6d2d5568a0c3b0c5f766ef9a8f142d,952,40,11
02-17,"النسفي",61a238cf4046adb92a1aacfa89a2024c,948,42,1
02-17,"النسفي",439b518a94194f605d48b5f7f8abeb87,948,57,1
02-17,"النسفي",141bd04d0899c6b9c9dff9a7ae836d8c,947,36,12
02-17,"النسفي",c9fe60f37b75f005abc9db7472d4871a,946,6,104
02-17,"النسفي",ec4f27ed5361631b88b7085231804bf8,945,74,1
02-17,"النسفي",a3370602b04c5b8be008ff9dc206f969,943,5,56
02-17,"النسفي",ddb01a265339314895462ba7111abceb,939,35,1
02-17,"النسفي",5686a7eaab77a4e91ecd4d1a55f17576,936,7,10
02-17,"النسفي",d0367a31eda36418ad5a596e92b27c10,932,112,1
02-17,"النسفي",dedfa741415e63f3b56d0c2295069c24,927,2,44
02-17,"النسفي",60d65ed680212851b4867aafc1e19e74,922,43,1
02-17,"النسفي",e8c3bf1285b3ba323a8d66f081fe9b77,921,62,1
02-17,"النسفي",d725fd1f6b8438c4d5c9fe87ec43d23b,920,9,62
02-17,"النسفي",71c8851f2343beff5a39f6eedb92b61b,919,3,192
02-17,"النسفي",07ba815431391d2c770b1f056d769668,915,8,1
02-17,"النسفي",0cfcd0d37d6559458c8a5d92fd9b2a51,914,37,47
02-17,"النسفي",41d44dfdb68cbbbdbe1cd60395c7a694,910,7,130
02-17,"النسفي",5276e2b98619d274c57dfdda5a3d7081,907,8,21
02-17,"النسفي",9149748ebe694ac664c2af006b0c8220,907,43,52
02-17,"النسفي",987332e60b5b393b1f004a17f7c3bd2d,905,9,9
02-17,"النسفي",11f23eb0aec1762bbf9cf245ad4efced,901,37,83
02-17,"النسفي",be35e224bc61c8b234e922a1c9c6616b,897,35,10
02-17,"النسفي",a23531af6c006e69132232b0f8591102,896,5,108
02-17,"النسفي",43f1385d414f4a0463a5bab59258e061,895,60,1
02-17,"النسفي",d2b18b6407fc858aa8cfb89005afacef,895,63,1
02-17,"النسفي",ac3a72321cf80bd2d534735a8be6ad55,894,53,1
02-17,"النسفي",9c6d219ff2efb9fbe1fc329f967d515c,892,9,35
02-17,"النسفي",7a3dd62ce3f41b5bbab2db7a57d2ad42,890,5,6
02-17,"النسفي",6c0858081747e9344bbcd84e7b0cd50a,890,38,22
02-17,"النسفي",7bc2447821ceef370e3ad5234ba33980,884,68,1
02-17,"النسفي",3898785d1304532fe169b79ec70bb861,881,47,17
02-17,"النسفي",e0c243c5806431b94ca940c1ca5a2ae1,879,52,22
02-17,"النسفي",bc81f4cade74748d317bd0372bcc9b3d,878,49,14
02-17,"النسفي",18704948589411622000abf9ad5208dc,873,35,29
02-17,"النسفي",d1e7e5a079bb9fd1aee246e74926e43f,873,51,38
02-17,"النسفي",8ad9591afa8e73c1084a83e3829ceaf5,871,53,23
02-17,"النسفي",2261367cceb1a457c58f9b008cd29f22,869,6,27
02-17,"النسفي",96d5d1b7ff5a2d7aa739c5cc1afbb4e1,856,9,109
02-17,"النسفي",a5daf2f70bd51cec66589618481463e9,856,64,1
02-17,"النسفي",76cb03015245bcc3af834c2295baabf5,854,6,141
02-17,"النسفي",054c8f40216041dfe561ad9c56a52b9b,853,5,78
02-17,"النسفي",5c9d2f669ae18e7c4f66ad07cdf9f63d,852,38,34
02-17,"النسفي",c60bf195147c9261b8e538a4c729009d,848,34,14
02-17,"النسفي",3d495b2e8c75ac03dd5a349a04c1f1ed,848,36,28
02-17,"النسفي",3dea68e723c30f023e9f988535ffca6f,847,2,229
02-17,"النسفي",18c1581ac9471fa93728f6489fdd8289,839,34,47
02-17,"النسفي",1b00aa3042e9aac9d95d351edeaacb11,837,43,19
02-17,"النسفي",87e1defb92ddb4dedda5d13c995a9cac,834,51,1
02-17,"النسفي",04e4b276fb0fe97d25471b81b9fe80ae,830,7,59
02-17,"النسفي",328a60d9bac167121bff8fb3ffa809c7,825,2,92
02-17,"النسفي",5f976b2cc33e828b01deb76e6a9007f3,825,79,15
02-17,"النسفي",1c583314e5a1e33def7d5a6f948789a4,824,4,85
02-17,"النسفي",371e12f19619d45a6f7b672965bab396,823,20,63
02-17,"النسفي",d2184a9444988b9c726dbc70428d4d99,818,20,85
02-17,"النسفي",6dc77778c92ee70b2174955cb399ca89,817,68,21
02-17,"النسفي",65128389bd7756bffc9bcde02aa3f3da,812,56,35
02-17,"النسفي",e82e8558986eaca58e05681ff4571c2b,808,7,161
02-17,"النسفي",4d377798eca8b225e9c4d4179583e1dc,804,78,1
02-17,"النسفي",794d0d25729b5564fa701f8ed857e12a,801,41,11
02-17,"النسفي",2862d24b52a4f246142b1a4658af8751,797,88,1
02-17,"النسفي",8645b5c4726603a6fc6cdd7cb4dd9faa,790,3,1
02-17,"النسفي",406004456655518a8241270f6d584cf2,780,11,44
02-17,"النسفي",cdd46d28c71f4e12fa3b9670c39ba260,774,56,1
02-17,"النسفي",1cee1e0194ac721522ab8e507902c136,766,34,9
02-17,"النسفي",22dbf4eadfbf0e086c3d5da3ed16feff,765,81,1
02-17,"النسفي",a877782d938b2a3f779dd3b789ca9de9,764,41,1
02-17,"النسفي",cf9d6bab5a77eeec85082c7c5e42e73f,763,89,15
02-17,"النسفي",13d4009dc6ee30ae24ce266a876c8c34,756,33,54
02-17,"النسفي",f0e5416a4f2d5289f8e5532f8051fed5,756,34,1
02-17,"النسفي",be5c2cd3d9b6f02214516786261263e7,756,36,58
02-17,"النسفي",119600427b80f72ec2b8fa1f3cad8b14,755,36,40
02-17,"النسفي",36eb827aca14e9fbdb83f6a1a92edf9b,752,20,97
02-17,"النسفي",c82b94a5617ec1253b79dab689ac73b8,750,73,14
02-17,"النسفي",1572829b2a9e30d5d0b92fe4d0d6c5a4,745,34,20
02-17,"النسفي",9f68c57537660e31f5cc1fadc2e06366,745,46,23
02-17,"النسفي",d049cb3be9971ca43e148daec2bb357b,743,4,172
02-17,"النسفي",9920dfaa7de1685bedd8898e852add20,741,20,40
02-17,"النسفي",40e7ff87f717b97dc0a2ed5d0c06165b,736,39,45
02-17,"النسفي",7d51cca7988a12662d724441819eb3dd,732,7,37
02-17,"النسفي",6b1e62dab13da3df9a29c089f0b96b12,730,69,1
02-17,"النسفي",c25322dc4bef729218297ce53fe21b81,728,8,57
02-17,"النسفي",5ccca16899ef7427cb1bd2794acb1159,725,12,26
02-17,"النسفي",af9e25f53efab7304cd96270e056d706,723,90,1
02-17,"النسفي",6c1f089a17a29d35d800614b5957cec5,720,6,83
02-17,"النسفي",91b4506c54833af9ac8a59e8ce70c9d5,720,18,78
02-17,"النسفي",d3cfd460ef773eaf37870f05aad2c2fb,720,80,1
02-17,"النسفي",41bfcf606b31699cae6dd34d752bc715,719,20,72
02-17,"النسفي",9232e5288ebaab6180f46d00f7820369,717,32,18
02-17,"النسفي",64aa75e05767978fbbf6a3a786ac4e54,716,5,51
02-17,"النسفي",584fa0837fb36a13cf4578f34e3203da,716,9,41
02-17,"النسفي",6d36c92d2c50c65e1e9615543cdf2a12,712,2,54
02-17,"النسفي",0d657980063b9fd896b5d888d69c754f,711,76,19
02-17,"النسفي",06a7bbaa0259b527d39c82a7faf09f40,707,51,23
02-17,"النسفي",d72ff23f5a8eb1d5f6e0755daf5a7ad6,701,69,24
02-17,"النسفي",cc7867573c739e0fd0cbbb7004acd3af,694,5,20
02-17,"النسفي",c3d5a64236d14d09e4ba99a96711f9d0,691,9,82
02-17,"النسفي",ce1d1da36d47f4a4f503aaaf4fdaff18,688,2,68
02-17,"النسفي",8ac81d3143902410bc7c28e6e31762dd,687,35,38
02-17,"النسفي",6f1793551235cfc3ecd1d9884ce0b524,684,48,27
02-17,"النسفي",c5ebbaa8886adbf19b242b27a107b6c4,683,2,86
02-17,"النسفي",fa4d924161bc59453cafc7ac25c7988a,680,24,29
02-17,"النسفي",a023ae8f363f464ad23dc2a9cb6dfc78,680,41,47
02-17,"النسفي",1f377cc640ed2149658a3c6dfd0cd91e,679,24,33
02-17,"النسفي",0fb3a6392a6b7da2866c29429d3b2fcf,676,14,44
02-17,"النسفي",a6ca0f14035192e739e6051703940348,675,89,1
02-17,"النسفي",b8ee273ba7653c6d30fa17a4305505d2,674,73,1
02-17,"النسفي",7c20606a36051a7ea5d849b3ec7ddb5b,670,38,71
02-17,"النسفي",e11783ce22c515c70f8e04c09d093a24,661,55,43
02-17,"النسفي",65b04931cda38305b19596417b2de694,639,2,60
02-17,"النسفي",4769319499778ac259d6a7bc5447f2bb,639,2,106
02-17,"النسفي",18e0c9f686726f94bb43990b542e5be3,636,39,51
02-17,"النسفي",00afaaff566a25676919bb5947efd6be,632,2,215
02-17,"النسفي",e3bd3e8230e08ec0e5fd9d64cc69b6f6,628,70,19
02-17,"النسفي",3682841ab0c5ea2bd221fd36f52509ee,621,6,158
02-17,"النسفي",6acf7c0f3069e147c2e3599c2e873e0e,621,9,19
02-17,"النسفي",bfbe788cdcd96bf0eae42807482b0ae0,621,70,1
02-17,"النسفي",d93975604b5f9bd5c32506d8032691de,620,45,1
02-17,"النسفي",c9c28e50268e6378d2dd02760a89797d,608,2,159
02-17,"النسفي",b678eccf04df9a4b0215b19473bf9952,603,38,27
02-17,"النسفي",ce03a10d7e216c28b621a0529f92c5b4,601,2,73
02-17,"النسفي",ccaaebd9c67ce787a90255ea3f155e26,601,39,10
02-17,"النسفي",75657574226660ba79a2c5c65d8bbca5,597,9,93
02-17,"النسفي",c871d5fb52c52d5260a66318c1a14b4a,593,54,1
02-17,"النسفي",6f5b9f00d66d7609ab9e0e3f7f70ce53,591,72,1
02-17,"النسفي",098264c4e34ab1c044d86cede79360b6,585,87,1
02-17,"النسفي",219c576c603ed4d80b073bc295b20251,583,4,154
02-17,"النسفي",8352bbad5f48dc2c848e4dc826d4b8c9,580,36,1
02-17,"النسفي",9e6de322bfb3b8185c3e3865ae3b91d8,577,2,62
02-17,"النسفي",0853cce85a22aa6a39e85422b59010d3,575,55,1
02-17,"النسفي",b0ef47c5a4507ddcbb0ea64b96588015,574,7,1
02-17,"النسفي",d12eb598e2a27694d30f47f92a56bb26,573,13,14
02-17,"النسفي",37873e91102e3a746243be85575dfb9d,573,57,25
02-17,"النسفي",9f7d10ea67d1ea0d79d9203884acb363,570,52,1
02-17,"النسفي",bdb63f415886a83a6611f93d54be794b,570,91,1
02-17,"النسفي",c8bb30db8791e515577e57e6dce598bc,569,85,1
02-17,"النسفي",6a8cc1415e25e8f8f05f3e0a28fc8008,564,2,75
02-17,"النسفي",d3bfab40cf7fe5e8d23693662c592784,560,2,39
02-17,"النسفي",f63c8d7bcf668519d7112fc00836fd9e,560,10,23
02-17,"النسفي",72be350b711e996b52baca4cb0426287,558,20,25
02-17,"النسفي",0f0b6ebe308cb091870674c0102b4286,556,17,75
02-17,"النسفي",66d14cf798d73cf5cd005d97700c2e11,545,26,21
02-17,"النسفي",7d1628c30b71cb440f12760f21b47799,542,53,39
02-17,"النسفي",86b035ea3b9017c0c41d006e3216aec9,540,75,1
02-17,"النسفي",391d591ed5c25f00e20403df6a9d4ba3,539,40,78
02-17,"النسفي",4f27c335377f071e1f123e6f7e8c1287,538,34,42
02-17,"النسفي",ab3ad3e6102164e0995b4b8726f28a20,534,2,144
02-17,"النسفي",98d3f6ccd5e38e7ee7e90986e4b6e199,530,11,45
02-17,"النسفي",1570ea4af4a78bb746e9bae55741a04a,530,68,44
02-17,"النسفي",c7a50804790173a26043986552d039cb,527,22,49
02-17,"النسفي",4d633d23d0eae91e9bb3d18b3a4f799a,526,2,121
02-17,"النسفي",7caae5282a691336e74702129ae35231,525,5,39
02-17,"النسفي",f79e188db2772681bc73fc1257460653,524,7,197
02-17,"النسفي",6373d1a765e77979fbd7e1382abb60f2,524,17,19
02-17,"النسفي",d1269b8631e61a9e1f9090d9031ad499,524,93,1
02-17,"النسفي",a3da2f473eaf7119325dc38e4dd356e7,517,45,25
02-17,"النسفي",412c56613110a89b0be8d2138f58860e,513,86,1
02-17,"النسفي",4530cd76af49705dc579b9df7e793276,509,17,34
02-17,"النسفي",72f11750d13edef8845b374bd681b450,505,12,65
02-17,"النسفي",58de41836c489fa1073cc25dcab0c67b,499,15,73
02-17,"النسفي",99447ed72dc3109d4e98c5edc27f51ba,497,75,20
02-17,"النسفي",087d88bfb97eb817befb2677a01cac8a,495,67,20
02-17,"النسفي",6845562397ea3bc4a20e5b13b5b74e44,494,16,51
02-17,"النسفي",803746243df7b1bc8eeaac045681ffe7,484,17,8
02-17,"النسفي",c283f62d4e7a3475008f7b945e0b4a8c,483,18,22
02-17,"النسفي",f4427250f5aeb12bc2976497cc11a4c5,475,92,1
02-17,"النسفي",3421733bd55074e436f20d46547bd9c0,474,77,25
02-17,"النسفي",d4c4190a999b56de7ffeb719091c7af0,469,79,1
02-17,"النسفي",0cadcb08308e95b1d86921060a6b6232,469,84,6
02-17,"النسفي",238deae934f6a0f72690c25c7ab8e0ce,462,12,23
02-17,"النسفي",149ca215f27f5beaa5f63a2bc4069989,461,24,35
02-17,"النسفي",1c067ce359feafc16343b239ce0d953d,456,65,7
02-17,"النسفي",e1f1e953a716910d8cfc7901177249f8,455,5,4
02-17,"النسفي",470871e5df8e5f1bd4e41f9da86977ac,453,114,1
02-17,"النسفي",543216430957bc20f3e6f78e4c0a3c1c,452,17,82
02-17,"النسفي",6b57e71274d095741f1df9fb07fd25a8,452,77,1
02-17,"النسفي",8cfbf35426c60ea69a7662ca9f668918,449,95,1
02-17,"النسفي",30ca21a33d73ea20c4ec6bc816206a58,441,13,28
02-17,"النسفي",1002ea5c74738d2996f1c54934324c66,441,19,1
02-17,"النسفي",f9c081318dfcceec8682bc396775ee0d,440,11,15
02-17,"النسفي",69e047fb650117db00e11f5bc88ac102,440,20,18
02-17,"النسفي",dd5fdff761093d35b876450edf39171b,440,94,1
02-17,"النسفي",da830b157b0980d1bdbb124ac62c05af,439,2,148
02-17,"النسفي",f1ecd52873493ea428dd7cd871468f57,437,96,1
02-17,"النسفي",4ea150cdcfe6f613e818556d4b352365,435,82,1
02-17,"النسفي",964f5038e1297c2e2cf78222beb21c57,434,6,36
02-17,"النسفي",de6f30cf7aa445a2501d9a8ebe5d861c,433,18,20
02-17,"النسفي",d35df2992c7c66ede4c8c77ea968e08f,427,27,17
02-17,"النسفي",1061ec9f0524bf9b2fea97742a540f31,425,2,82
02-17,"النسفي",5241c788851f2a27ad6c2622dcbc0a15,425,11,4
02-17,"النسفي",4052cdf6ed79e95495323bd3af45eab8,425,12,55
02-17,"النسفي",bf9bd5f7ae04fb59daf2ae0aa1c9670f,424,29,43
02-17,"النسفي",44c81cddbf40279e0613d59064c47da9,420,19,42
02-17,"النسفي",896f36271084b66241a0d045aaf7ad3c,419,5,116
02-17,"النسفي",7b28268fde4dc23945df3f37f4293e6e,419,78,31
02-17,"النسفي",685985a64fdd52035b5c75e99404f876,416,2,152
02-17,"النسفي",93d28869c2001ddb82020d37b0c0b37b,415,27,38
02-17,"النسفي",3fb317741fe2156c7fda0cd8dc85136d,407,13,17
02-17,"النسفي",f02b2e57bc44b1a15dff4924eebe0fae,405,10,36
02-17,"النسفي",f499d332449f6dde7901e8b2cc9c020e,403,10,13
02-17,"النسفي",fe8d42d74b55e66f99e90e83a03c13b7,403,24,56
02-17,"النسفي",66a0bf022059e94de8f83bdf11dd32d9,402,28,23
02-17,"النسفي",5de4c7eba04edd0eeef5a5466499de2d,401,26,83
02-17,"النسفي",715dfcd45bc88376fbf39e9c0e89380d,397,111,1
02-17,"النسفي",31f1fcfc7323c1b5cc8213d8230ca377,396,20,51
02-17,"النسفي",bfe3349009ac26aeb00cb1c038d64cd6,395,10,92
02-17,"النسفي",154b29ec5ab37e7ebd659ea135cc0a7c,394,17,60
02-17,"النسفي",80487468b95541806080c1ce9b288967,394,24,61
02-17,"النسفي",e2371991313aa5accefe2882073ce819,394,24,62
02-17,"النسفي",fadca4bc24bf8beaf3658714066dee79,392,12,51
02-17,"النسفي",da3cdfe666a550ca977c07989f433143,391,30,26
02-17,"النسفي",ceb3371095d1ba20c6eeef2ae0cc95b7,389,37,29
02-17,"النسفي",000bdfcf4f970642d7b65e8be9df81b6,388,28,36
02-17,"النسفي",8b823997b19f8c1a102cc9ed4949dc8b,386,105,1
02-17,"النسفي",5e1651e44f5ca2815a8a39e235f2f0cf,385,11,22
02-17,"النسفي",97587c1fc7ffff7e25a3d83a8caf82b7,384,19,69
02-17,"النسفي",0e87795eae920fe6e635de484a841d6f,383,28,78
02-17,"النسفي",8b8d90b3c1fad96629cbc81e4a33b16a,382,28,5
02-17,"النسفي",8f010064062a391b032f4e116168a270,381,11,106
02-17,"النسفي",5c9db4ca11fed344faae777b48eef5f2,379,18,8
02-17,"النسفي",df2b4fbd7badd153c6f0fad97e5b4272,378,66,10
02-17,"النسفي",4aad15f0b3f49af8b619fe65e71c867e,373,16,72
02-17,"النسفي",f3413fcf4697047fa39ce2eed1dc200a,372,22,31
02-17,"النسفي",d5860c0f17eab77ad5a00ad00c486da1,369,12,42
02-17,"النسفي",e28af3c8af067a580c9403d3f3ec8db6,369,85,10
02-17,"النسفي",389af73cbbf5453c11b64e88cf425333,368,12,95
02-17,"النسفي",a383efec9a9f2ff9a3d18560bad08f08,368,17,109
02-17,"النسفي",6297fc0e43f88cd641ce9720eb17f71b,367,24,1
02-17,"النسفي",f4632807c13ea7f1dea1ac0a325ba2dc,366,18,15
02-17,"النسفي",b8c0f12b09854a8197a08e6f47c5a175,366,23,24
02-17,"النسفي",a32d3e69270de03b02209238fb001c14,364,27,85
02-17,"النسفي",57c84e7e2bba1623917aad1636b57e2b,363,27,3
02-17,"النسفي",da03817762ee776b8b8819f2585000db,362,19,35
02-17,"النسفي",2b1cb4d5f44f289dbd50dde1f45f3a0e,361,28,80
02-17,"النسفي",7e2939074097717b9654e2be7943c5a8,360,17,26
02-17,"النسفي",528629871573b4a613b564ad5d677bd8,360,25,32
02-17,"النسفي",07d909b4fc7dd15c2906a3c7ec8ec281,359,19,74
02-17,"النسفي",fa0e7fea7dbdb6c7c4e4a3f74aaf0189,358,27,36
02-17,"النسفي",c542db3de2d15fe26f063feb74828734,357,30,1
02-17,"النسفي",5236026fd45754d6e50a000ae21d355f,355,22,17
02-17,"النسفي",cec85b74cf5cc100a5661d1f5834cb90,353,17,56
02-17,"النسفي",f0d44c124d7d8ddeab31f3ee3ec6a069,353,22,28
02-17,"النسفي",5860d6cf9be3c201e3c7b03bf3df9f4c,352,24,50
02-17,"النسفي",7786097914404c0467df7d88e91f86e3,352,42,51
02-17,"النسفي",83dd0ffc3e6738aad596e10117bb0924,351,14,20
02-17,"النسفي",b3f121b288b8cab3921f3bea6636afe2,351,54,47
02-17,"النسفي",3881a12269ccc20a2e190874fe5e897e,350,10,21
02-17,"النسفي",ca2bcd080170c4de030b7a427d6e40ee,349,16,124
02-17,"النسفي",0455b3570a2d9d28663c337be75cde11,348,24,55
02-17,"النسفي",b6d5bf9c271007543bb8482841dda9da,348,31,24
02-17,"النسفي",ea3061378a1c1c52a8f680ec36acba23,346,18,35
02-17,"النسفي",578c78b1fe651abe15f12dfb9f6366ea,346,28,13
02-17,"النسفي",bb3875ad42f0a78abd9b1f7706a542fb,344,19,84
02-17,"النسفي",816e4a73872a0e2b08e8d9e03b3ff394,342,28,8
02-17,"النسفي",1e6ede8ce9b1d2a35a5aa929c60d3e6b,341,47,33
02-17,"النسفي",f08f19b2a5ce91a02d8ced86af8739b2,340,21,3
02-17,"النسفي",07820821ca241519ba0383f1fb9293df,340,21,29
02-17,"النسفي",cfe57e89f0506747d2454df133b48a69,339,10,61
02-17,"النسفي",acc10fc963ddfd86a05d57aa4e05fc01,339,97,1
02-17,"النسفي",2fefef279eae7fd457516aeec8303a09,337,11,40
02-17,"النسفي",08d0773db82568cc3ae45f518676ad70,337,26,188
02-17,"النسفي",23e3fc3b37399222bc3ed61199d209c8,335,14,8
02-17,"النسفي",ccefb756187a684bc35209db9b2efd27,335,27,60
02-17,"النسفي",a56d4788e101b8d5c5820a405cb6ec81,334,12,13
02-17,"النسفي",79de5bbfb8e00b47e678b57ccbc1458e,334,17,102
02-17,"النسفي",b3554ded668ebb9469038be453016a41,334,27,13
02-17,"النسفي",f665faa53084473483a7ff7157218e96,333,15,55
02-17,"النسفي",e902c87362414fd2b87ca411ca123c97,332,11,83
02-17,"النسفي",681caeb34e6e2fe7ca4c2dfb4507b44b,332,12,7
02-17,"النسفي",1b1325fe4bc4dfd169b85ee9c6685293,332,28,31
02-17,"النسفي",65e59050639345592be9ef576ba023b6,330,25,17
02-17,"النسفي",10df9bf38332969a628be449ce4623fd,330,27,20
02-17,"النسفي",94ecde49b19e0650f408975ad78cc44e,328,13,6
02-17,"النسفي",249dbfdf986b3d9cd2e285dc1d6b7cd7,328,20,113
02-17,"النسفي",a47c0cf127a5fd710925e9d5027ea15e,325,14,35
02-17,"النسفي",0d33bd568202b40e5f1f92fde574ae2f,323,11,76
02-17,"النسفي",169274af7f5d7079422d6deb1c80c899,323,14,22
02-17,"النسفي",79370e3f66d23cc7112e1fe4e7f7e4e1,323,28,64
02-17,"النسفي",1d1a253a72ae4658e8b68b58b23c41ca,322,20,126
02-17,"النسفي",6aa8c81b2970a820c963e18a0ac7325c,321,13,12
02-17,"النسفي",457a1ad7516eca3f661a5e5e3401d7d4,321,24,36
02-17,"النسفي",618a16615b3a487c50d8f77b7eed7bd9,320,18,30
02-17,"النسفي",52a5eddb2076b7c2b26e1ff878609634,320,31,19
02-17,"النسفي",7cb3b96ea37865628b8d8cb7337581c5,319,23,96
02-17,"النسفي",0c153376f775b2b5bbf566dab1f4006a,318,11,9
02-17,"النسفي",78893ebe3be2de5a1bb10611e2144045,318,18,19
02-17,"النسفي",a3f3de437a9c8bfb7783a2d0f5e62d9c,318,25,60
02-17,"النسفي",16810363985ce3ec11997bce2f18b2d0,317,18,84
02-17,"النسفي",88eeb5544e9241d2cce84bcb456cb374,316,12,1
02-17,"النسفي",f7ed2745cf203e33797f46385c7ddae0,316,12,71
02-17,"النسفي",7f311986d31f52dcb85a518c7d6f3bd8,316,28,51
02-17,"النسفي",327443d35e3f0877131faac90152ea54,315,23,15
02-17,"النسفي",a3959e771c28d70e909f0a3ed0f42b50,315,29,11
02-17,"النسفي",c55973c09ad8873c2c0e10de61a4775b,314,16,104
02-17,"النسفي",e3cd55225e40d34f3ecd6e744d653fb2,314,27,24
02-17,"النسفي",5feb130a537f2ef3411812edb6dd00ea,312,16,113
02-17,"النسفي",9e60a0c02295c951616578aa345dc5d0,312,31,34
02-17,"النسفي",ec173af18aa724b9833d5be95cbfc20f,311,25,44
02-17,"النسفي",414c30c55afcb6973a11a68d3ba49abd,311,25,49
02-17,"النسفي",c6e3eecbd6509b97ca228eef89dbdf93,311,26,11
02-17,"النسفي",ef509a9619c7778f4ad0f35fb6d0a151,310,10,106
02-17,"النسفي",6d5b2c879020c7cd946225d6c84180e2,310,25,25
02-17,"النسفي",06aab634985505ad3cbdb00338be43b1,309,12,60
02-17,"النسفي",5adc22823b014090a439bce8a589420b,309,18,61
02-17,"النسفي",fc1fea76a1572eb5bb69b59ecaeb9896,308,16,63
02-17,"النسفي",b3e139af7d883da9b8ed3ea277298cea,308,21,35
02-17,"النسفي",18bda5bb61167cd4bde61e611a696764,308,30,7
02-17,"النسفي",7647e37f4d4b6fdeaa92a48944cb9f9e,305,12,82
02-17,"النسفي",370a09aa0e37d5763b402d3e3bcf3129,305,18,43
02-17,"النسفي",a08fa4de6eb3f1761fee0cfa11d53ab0,304,21,22
02-17,"النسفي",65b354752a60b7fa441136b045211cda,303,12,110
02-17,"النسفي",7049616f31ac185d175841298da5345e,303,17,67
02-17,"النسفي",f3670e58e376153c32510433aa38a08d,303,21,42
02-17,"النسفي",6199485f05a2ad9e12f730a29dd41b76,303,25,5
02-17,"النسفي",b1ffa14e318e979fc61de283598e0f36,302,10,7
02-17,"النسفي",67ddb63cb66bd1039f19749a92ecaa5c,302,21,62
02-17,"النسفي",e330456e9ec1a6004573b99036d19171,301,22,5
02-17,"النسفي",be39a2de9417dfdb10b1f7ee054ea762,301,28,28
02-17,"النسفي",369837b1c2cd749e27c264f761a83777,300,13,36
02-17,"النسفي",1f47a715beef8708a080f8e482247e43,300,24,16
02-17,"النسفي",775b0d5a124fd2a0b631194cea95faea,300,29,6
02-17,"النسفي",5437215e6c6be1ca722a9d17121f4c9d,299,18,23
02-17,"النسفي",1150752116ad4c082a12a4dff337c68a,298,21,18
02-17,"النسفي",c368e99429776bd5d8bb9a834c1ae0e7,297,10,77
02-17,"النسفي",8ddc05306477dbda810fc4d318c5064c,297,10,88
02-17,"النسفي",7b1ab1bbd617be55b8411a63521388cc,297,12,101
02-17,"النسفي",0dd2a637b82804025890967568b75d81,297,20,10
02-17,"النسفي",7f7c7cb7e94bc1d519b6464d80783450,297,29,64
02-17,"النسفي",d95a05e89a62938d939608f34099f29a,296,11,73
02-17,"النسفي",778edc7855fe3e4c52030e624b1c1980,296,22,24
02-17,"النسفي",d1f0e7ab30b648936aaa0990493148c8,296,24,3
02-17,"النسفي",0d3e490411cb40a76cba584fed6bfd6d,295,10,34
02-17,"النسفي",cdf1e32b6eb4c0ac6bfb4340b132c5b2,295,12,87
02-17,"النسفي",c879cf1d03c6af73e21a86d360a996fa,295,21,97
02-17,"النسفي",511ed58ff840bfcf2eab434100345466,295,23,13
02-17,"النسفي",844bb62561cba4190b40a0a1f917da7a,295,23,86
02-17,"النسفي",dd12acb316fb8a0e42812ebc64554f7d,295,63,8
02-17,"النسفي",c3dc62a3b6354b25a58923c9172a9829,295,98,1
02-17,"النسفي",02d234ef31c6ca1c9c6858e50bde87c1,294,11,102
02-17,"النسفي",fc2c8e219fb8c657096593fc728fd6e9,294,20,117
02-17,"النسفي",f2ba4a731b4bedb24fa49dc4a18e5100,294,21,77
02-17,"النسفي",3974ee90555bb78aa66c4dc2b1c9b4e6,294,21,86
02-17,"النسفي",5bb15194727b151c6e80afa4e85c7b28,294,28,59
02-17,"النسفي",1214703a2855a590c7e7d4bf85eec786,293,10,1
02-17,"النسفي",ffe28c617f79a2c1ae868097312449ce,293,19,53
02-17,"النسفي",8e2390258b1b6f55dfb4769dc9990f9b,293,27,35
02-17,"النسفي",3a8952a96cef5343b186e8c7f24b7e1c,292,10,70
02-17,"النسفي",c4bfefe4a65c5bd1bafd8221932637b5,292,17,1
02-17,"النسفي",c8b500c2ba7fb106262d15bd6b8a9a52,292,26,220
02-17,"النسفي",1cf9bb8e231a38b9637c0c412d3a7062,292,28,26
02-17,"النسفي",c598554af284d074626ac12871db30cb,291,11,69
02-17,"النسفي",bce35f5b32bdd071a02b9c3200a8642e,291,19,19
02-17,"النسفي",aec2d43d756dbf545c72967f9b327ac4,291,19,66
02-17,"النسفي",c21688b137f234303ccdf95f81f80c38,291,24,44
02-17,"النسفي",706447f1645ba7b65f6fb1056de44949,291,106,1
02-17,"النسفي",941abcef7e540f2433d97ce4689be965,290,16,22
02-17,"النسفي",180005ddc3e620e678e65900d418d21b,290,16,39
02-17,"النسفي",af4d1fa68dea1466d968b2254d4d9839,290,22,1
02-17,"النسفي",b7ce049618427632b563568ef13df270,290,22,64
02-17,"النسفي",b71fd6d2d6197f8a705a2c033b6ea159,290,24,23
02-17,"النسفي",85c7465f8506151759974978c9840c81,289,16,48
02-17,"النسفي",e9f8beb4c2689133f53af41c00d60bd1,289,25,22
02-17,"النسفي",4d76a2e3bce4f74da3f9c7343d8d16d8,288,11,52
02-17,"النسفي",8170d1c15b47bb3522f759885d1c4a32,288,11,87
02-17,"النسفي",6cf280c6838037448dec57e44ef6a0aa,288,107,1
02-17,"النسفي",0998031d531151ec929dde1e9118cfc6,286,29,19
02-17,"النسفي",c47e47a70ca1fb520fa8413d50308959,286,31,31
02-17,"النسفي",02caab3235ce1178cb17499157424b3a,285,21,92
02-17,"النسفي",19198cab02a7d2b50e19e0a1c78498c0,285,21,102
02-17,"النسفي",8f8b22a63c1569ffe36eee3b55de8c25,285,22,68
02-17,"النسفي",d9340a637363ef1ed1426a22babd5c72,284,11,58
02-17,"النسفي",9aa31556ea487dc97f024eb447cfef46,284,12,34
02-17,"النسفي",b37b352a2d6be9ea39df74f8eddda45f,284,18,109
02-17,"النسفي",51f3765907be117ff149749755ac7b9b,284,24,11
02-17,"النسفي",32909e152543b5b060e11d4e73b74a9b,284,28,19
02-17,"النسفي",2d3fe1d6341a341a1a8de3a040d36414,283,15,19
02-17,"النسفي",c1ba721b5a73129d6925d133f93474b4,283,18,91
02-17,"النسفي",662152ad1a7c33757c32b21a1fb96e7d,283,25,1
02-17,"النسفي",62a2e967854bff947eb5ee66c71aa10f,283,25,20
02-17,"النسفي",4176c549207c123b629b310b4ea2d710,283,28,76
02-17,"النسفي",8afe8e118ce155461e377d0fd1986146,282,11,116
02-17,"النسفي",c83b5b8d75e4ed074c64259402966f8e,282,27,66
02-17,"النسفي",333d6e5515ab3aa0599f0a06e0e3f267,281,10,26
02-17,"النسفي",a3e359acd0cdf0485f746a09f1248d38,281,10,43
02-17,"النسفي",1ce5689d39b98ad283200ee1698c7150,281,16,92
02-17,"النسفي",a63d94b154e1dee4f79a36d8e8b8e3e8,280,12,79
02-17,"النسفي",46b5db358e8046b235a099e38063e430,280,16,17
02-17,"النسفي",8f1d6bc8f7903825a1f7e2e1d9f5b8e3,280,21,65
02-17,"النسفي",0088662054a16f1b10fb627fce3d1e1e,280,24,27
02-17,"النسفي",1da86c66b0d96d0fcfcd9fd051aaeeaf,280,31,5
02-17,"النسفي",07a9a82b8dc8930ec5b93eb6f498a7eb,279,16,7
02-17,"النسفي",1dac012599210ff2aa5a82cb4fdebb9a,278,11,92
02-17,"النسفي",e5a83a0d49a9afa8692f0bdbb3eff05f,278,15,90
02-17,"النسفي",37acf2b8e60f7c2a2114270c3320ea69,278,18,46
02-17,"النسفي",f8fc41ace16f37a2236602b6c8e08cff,278,21,83
02-17,"النسفي",a648795915478d94ebe901b47c442871,278,27,48
02-17,"النسفي",948fc7e04d00dd02da3dd7d8dddb2bcd,277,12,5
02-17,"النسفي",6678270ddb71f144bd9230bc12e3fec6,277,19,60
02-17,"النسفي",c13b126ffcda6d9bfe69a56c3462db3d,276,18,28
02-17,"النسفي",02a0da32a3b5842df9d874b1c9d421c8,276,18,57
02-17,"النسفي",52600a06f2c699756bb363bd96d3ad9e,276,29,3
02-17,"النسفي",7d894f8563f371ff17142d32313e2d16,275,16,111
02-17,"النسفي",97abea1d3ce9e252319700c8e186be77,275,18,52
02-17,"النسفي",b7434ed3a5267ab9991283306cce6732,275,20,131
02-17,"النسفي",810c450c4e914c683a34102d651fa2d0,275,28,42
02-17,"النسفي",ea150f9f7144efec9a7643125fc0be2c,274,27,32
02-17,"النسفي",cc623faf346d5006d920405db0d94939,274,104,1
02-17,"النسفي",7dcac0182eb8b9550927f13abbf7c55d,273,19,58
02-17,"النسفي",dc8e56bd4ca26c39ee955cee15ce4dba,273,27,91
02-17,"النسفي",5dd499c031ce3efb440eb543d7905db1,273,29,67
02-17,"النسفي",cfdc1e4a37650f5157ba9032d014f52c,272,14,17
02-17,"النسفي",3ebd1eae892e8545b65837015e448c0e,272,22,13
02-17,"النسفي",673a3e36bac343312920d8a639ed8ee5,272,22,78
02-17,"النسفي",c60379506e7a7eebe3cdda7b78d2c8ed,272,24,40
02-17,"النسفي",827739a92b890e33132396bfb4bdffaf,271,23,46
02-17,"النسفي",3b09c4864593586e26ea1806093a85e0,271,25,58
02-17,"النسفي",6227a47dcb5057e00572f5d56037a573,270,10,47
02-17,"النسفي",3eb65e37b56d39d5fe7e3eff0071961f,270,12,32
02-17,"النسفي",f5e5b70dcb29a4425bd754f6069d9bf0,270,15,12
02-17,"النسفي",fc093d4c9a2e76f734ab9417b1207060,270,21,108
02-17,"النسفي",c8cfb517c53af0a8f8f3d80be326f88d,270,22,40
02-17,"النسفي",e32327dea97a8612c4316b4bafeffb84,269,12,49
02-17,"النسفي",bcec7fed7be48147807432bf64178467,269,19,23
02-17,"النسفي",a353ec02b54f086f15416ff77f498cff,269,22,61
02-17,"النسفي",fa53068c745c86958027aaf555b6858c,268,18,3
02-17,"النسفي",8f26a12ee4197d14c741cb44e9c22afa,268,19,25
02-17,"النسفي",6d38c289ca4319636bb624eef3d07107,268,25,37
02-17,"النسفي",e60684a1ca1e070bdb7462dc425aa526,268,28,57
02-17,"النسفي",dace7e679c0635484df64457b5d865ff,267,13,21
02-17,"النسفي",4829a185cb97943c227bd54f408b0120,267,24,20
02-17,"النسفي",63b34cf50a538d2f0fd265255a68933f,267,27,10
02-17,"النسفي",1146097e1c7350d88554256ed51047cc,267,29,53
02-17,"النسفي",5e930dff56c821c00b79aeacb78b4a73,267,113,1
02-17,"النسفي",bd0d78324a6148ca1022fc97180a6071,266,27,43
02-17,"النسفي",410c473991518b03c0f266e3f8e997e9,266,29,23
02-17,"النسفي",a10e439d7f593a1e432c13e45f02df31,265,23,52
02-17,"النسفي",65ccd773cb5ee9f68d45dc95fcee3a3d,265,23,57
02-17,"النسفي",fe0f94b1824f211610e7ce14590aa319,265,25,74
02-17,"النسفي",f589f5472f5457fe3fb2a7cde325cfc1,265,29,57
02-17,"النسفي",d76999243575826a348fb325bb350d8d,264,11,13
02-17,"النسفي",3c859e167e9309faf33e1e17f980b8f7,264,11,112
02-17,"النسفي",c052a9d81b33f09a21780f99e9dd074a,264,16,120
02-17,"النسفي",4f62f28dbd1be58098e1fc643f5c89ea,264,20,4
02-17,"النسفي",db9951ed153ce61fea4f0f925e206bad,264,21,46
02-17,"النسفي",98d5572dea4646dfd60889f18b702ecd,264,24,46
02-17,"النسفي",940736662fd5afcc1a394683703e90ee,264,26,77
02-17,"النسفي",327855b0a62637aada3d94afce5c17e3,264,27,82
02-17,"النسفي",15225ed34ade6e34de03e23aa27037c6,263,23,31
02-17,"النسفي",cf473d53be5eaeb9ce83c44584b9ade6,263,23,111
02-17,"النسفي",c890e4ccdf6cb5b654ea15cef634f0d5,263,27,22
02-17,"النسفي",0c7c3d3b7a6785b2c90c66adf9ba5208,263,31,7
02-17,"النسفي",c981174d353a587033a0050b601dbfa5,262,15,23
02-17,"النسفي",582fd6f8098a84ae5adcfcad9fd0ab2b,262,26,16
02-17,"النسفي",eefae1a16fd30287b471e33d7293c37d,262,30,54
02-17,"النسفي",a23f26967c648c7e7b2ca2aefcd4e547,261,11,62
02-17,"النسفي",10c2843cf0d7c5511f38893d68f529e0,261,13,3
02-17,"النسفي",86241c01380ae357a6105825e1bd1efa,261,22,46
02-17,"النسفي",2d11f0bec6bd4c9a260ad3dbb6cda385,261,25,54
02-17,"النسفي",fc99ef8db9044d3ab1e52ded0c2541db,261,30,29
02-17,"النسفي",871c28248875de2c88475c96f47cf952,261,31,12
02-17,"النسفي",d9a3e922cf9668c8929cd2da3e093042,260,13,18
02-17,"النسفي",83be5aea0128842e9972fa3320a24aa6,260,23,35
02-17,"النسفي",e18129a340e78417001bd9b388c9e374,260,23,65
02-17,"النسفي",23cf38a59d55c8fca3bdadb4819bef16,260,25,68
02-17,"النسفي",f17f02e5c5c65879a2ad7255590a514d,259,15,7
02-17,"النسفي",4c9beae20dbd0ac19be331a643438073,259,22,37
02-17,"النسفي",a9fcdf2cfdb06d140f71dbf763087ba3,259,27,56
02-17,"النسفي",41a91dcda2688b14e16a7c753eb1aec0,258,12,39
02-17,"النسفي",3986921d7e23ab11729b4e97bd5b7bb5,258,12,69
02-17,"النسفي",da631ada5c0ee0d42497fa52ba67b793,258,18,60
02-17,"النسفي",68ed5de32b95bccf686c7fc94a162dc2,258,31,16
02-17,"النسفي",52566a228f03e0d48b5a7be79bbaeae0,257,22,29
02-17,"النسفي",6dad7f12f637a215c5740c266ea30f6c,257,27,72
02-17,"النسفي",d9beee04380cd2efc7acd35f5fe1878e,257,30,18
02-17,"النسفي",3acc78af8ab146b5aab664dd83885cdd,256,14,40
02-17,"النسفي",ed5fa760bf077bb94e0ab21ccf101515,256,17,98
02-17,"النسفي",ff0d3409f7b71b6dee6e0bb6cfe4245e,256,20,13
02-17,"النسفي",4bdee4f754d5b778a09bb6b7212b9480,256,21,10
02-17,"النسفي",037bec530b5ccc06850b809083942044,256,24,12
02-17,"النسفي",f03274c7d1aa48dc8f567f27b1595a99,255,18,25
02-17,"النسفي",259bf42f48e5105bcb66cff20af392d8,255,21,56
02-17,"النسفي",524e7de0b48a037d1da279fa3be92ecc,255,26,41
02-17,"النسفي",3ea00c497353049a6755fca7b1d8c7dd,254,12,16
02-17,"النسفي",15008bfe4b76e06dfb2b2abf7db0c864,254,17,15
02-17,"النسفي",872329d7f870244fa01aba270be9882b,254,99,1
02-17,"النسفي",8340b9c4ed85c9e92d33822676b9e17b,253,12,91
02-17,"النسفي",1a3d475b057d3a4b94c96ee332c21524,253,13,41
02-17,"النسفي",5c0d570bac5c308a27c4c238880ecced,253,17,24
02-17,"النسفي",e94902c34f29fed60ee88e30b607b6f9,253,22,58
02-17,"النسفي",4b35b84f6ded5736b294e5c073e3f299,253,24,38
02-17,"النسفي",042ef6cb5272460fa233b781d17d9482,253,25,66
02-17,"النسفي",aff7ab2d8b91bba69c750a0a2f98ca41,252,10,11
02-17,"النسفي",b6732c86f0608ee1350668a2af9100d0,252,11,81
02-17,"النسفي",4c71f18bafd3e366006aeb93d4413ae4,252,12,21
02-17,"النسفي",6c7d3de112588e96397935022fe90d52,251,12,19
02-17,"النسفي",d1e07417edf7312c584eb3f2d26428d4,251,18,72
02-17,"النسفي",1105be2a2f2309d6ab58a9223681ac91,251,22,42
02-17,"النسفي",f19a8445990c73cf57570faa80661b20,251,30,47
02-17,"النسفي",a97b4c8b9dc8d203a37cf94155019831,250,11,94
02-17,"النسفي",c55557d729553a3603f16864bd9b6bc7,250,11,110
02-17,"النسفي",de69e285771dd77cee084bbceec2dd3f,250,16,34
02-17,"النسفي",cfed38ac931b82c07d4f43c36b86db3a,250,16,69
02-17,"النسفي",c88b88d1a8d1dce219c9477191b0b9cd,250,24,13
02-17,"النسفي",a49a9033fa420dbf1c481cabd275bcc6,249,17,30
02-17,"النسفي",0f4ceaeea7212e70f34cefef363b0ff4,249,23,3
02-17,"النسفي",052a5991b6ec1178c6df284ad5617707,248,15,36
02-17,"النسفي",02e8dd14eac7cc760e8acd0f1646ddfd,248,17,5
02-17,"النسفي",78c95449099e65e99d25f93c10a9632c,248,23,71
02-17,"النسفي",7fd6b3888eef7978c95dd66fbc3dcd39,248,29,18
02-17,"النسفي",df038cd73f921ba2cfc9bdc12a539320,247,14,23
02-17,"النسفي",d8771b2c18460d633d33fb67332b1e0b,247,16,78
02-17,"النسفي",abfced564f4a3fe55ff933209b028134,247,17,63
02-17,"النسفي",2a43adc9b01d78a49b23ef985bf212ab,246,12,37
02-17,"النسفي",d6d0b787481128b46258da922109e4e7,246,27,45
02-17,"النسفي",98691fd27fb7abf77c2e99a95a5b0a69,245,16,3
02-17,"النسفي",a7ed198721bd3a7540ebc26bd0a13a19,245,26,102
02-17,"النسفي",db77e1cc9477ecae158abbf8796dfb5a,245,27,51
02-17,"النسفي",25b07872ac62258c171b54bb4634e3d9,245,30,11
02-17,"النسفي",e0c142ccdc13c6b431ed43916838c960,245,30,51
02-17,"النسفي",e6d77669f68c76a27c485b5bfbae4780,244,11,98
02-17,"النسفي",6bd77a09c92d530a38dd54e2a7c3be69,244,17,52
02-17,"النسفي",793e1f694ddfe4ade935ad68dd4989d2,243,16,14
02-17,"النسفي",ff0773fbd53c8c715d440ed56ab74943,243,17,47
02-17,"النسفي",940c630aed0e4a6fbb737034f488b2cd,243,19,48
02-17,"النسفي",ef25d808199ce0eb74dfa70a54536ce6,243,25,47
02-17,"النسفي",b351bad8a4e455a80e1aef00a66bdc5c,243,26,50
02-17,"النسفي",d93f7e2fd28c16ad294a91ef6d6a3328,243,26,147
02-17,"النسفي",7400a2b079a6d4208c7ca26b3bc32a90,243,30,40
02-17,"النسفي",82de82d8316d9b533a10e85fc9cfaaf7,242,19,63
02-17,"النسفي",93949a93c81405c71956e9c4a78d870a,242,24,26
02-17,"النسفي",66184f095d786fb72ed6795792c51697,241,10,18
02-17,"النسفي",696201d6ff392dcf090f87af63e07b16,241,10,65
02-17,"النسفي",e908e692541f1b79e583b9773d4426d6,241,26,29
02-17,"النسفي",b05e2727b72714f6872c8fea2589e7d2,241,26,199
02-17,"النسفي",333f61d73ecaa605f96d1b69eee4557a,241,27,77
02-17,"النسفي",6ff062f206a6d5e51ea79c381439b6bb,240,10,28
02-17,"النسفي",1fd74b14b19b9ea9c86eca9de4335f0b,240,10,84
02-17,"النسفي",555ea4291916bbac7a36b455a174d109,240,14,25
02-17,"النسفي",636683986ccfa9dcbcddec957f1d1c99,240,17,70
02-17,"النسفي",477d523516e9085bc4fe6c4a4b4b121a,239,11,37
02-17,"النسفي",971682c190542140ef90b8255d832915,239,11,42
02-17,"النسفي",539f0e1b1e5bd85cf523a21f3efc1234,239,11,55
02-17,"النسفي",f627de6b572684ef8341f42e59f8f2b9,239,13,33
02-17,"النسفي",c81b47c2a22e193ae2e3898e0d018f26,239,23,7
02-17,"النسفي",77f870635e8fe15ee64fe08f7c869d60,238,14,13
02-17,"النسفي",193ab0a259da4dee455e6ecc0ac0f7ce,238,16,95
02-17,"النسفي",4743df1836744695e94d1d4467401e50,238,25,51
02-17,"النسفي",40a1ac856e9d176e9b2f1c22aea714a0,238,29,41
02-17,"النسفي",4c52dd1e58e6f8e4371cb9a1eb98b5e6,238,29,50
02-17,"النسفي",8a50302861e085ff747dad20672c9368,238,30,24
02-17,"النسفي",6dee605c3d81bfa2d20145467521595c,238,31,14
02-17,"النسفي",a1d0c6afe5bbf28749b7c5dcc25d30fd,237,19,31
02-17,"النسفي",04b22ddb00c852b0dfbe7757d0067034,237,26,215
02-17,"النسفي",4a783e61364ed483c7ef44359f5863ba,237,28,82
02-17,"النسفي",33ef8952f13b1ad048064e98d1f028ce,236,16,102
02-17,"النسفي",23c4ca85cf15527531ae1031960a9b2e,236,30,21
02-17,"النسفي",c607dcb240ec01c3639733a6d192e541,235,11,29
02-17,"النسفي",c11ab84739142869f65e05df4559d280,235,22,73
02-17,"النسفي",924e0179af22525950c42c9555497ee8,235,26,5
02-17,"النسفي",9af388038379bab7879bbc159d81acd9,235,26,202
02-17,"النسفي",7c9e64ba6ec4e7c7ab8ecfb265b3edd6,235,30,33
02-17,"النسفي",908f395afedd8e07eb8a8510e12750c1,234,10,97
02-17,"النسفي",3c97d5a7fdb3c9584e0491822d1c5905,234,10,99
02-17,"النسفي",190154586553d32d27329df44948e97e,234,11,119
02-17,"النسفي",9ff7abc3efc9d810a4505e488926f646,234,12,77
02-17,"النسفي",ebcfbb6c8bb1c57083b1b3d81b69f3f9,234,12,102
02-17,"النسفي",c7854ab50d09481fb42f8cb12c02fc8d,234,18,67
02-17,"النسفي",d5429f288c0ce0bf945c9126ce6d3a27,233,15,49
02-17,"النسفي",c194eaa82a2a01d3aeff68738a37b61c,233,16,30
02-17,"النسفي",5de2daa218db2bc777e32fb250cbdb54,233,27,16
02-17,"النسفي",dc74420686d310fe51a87ea9e4544575,232,13,39
02-17,"النسفي",c25a94eaaa80f7d93fffb3eaa072a45e,232,16,90
02-17,"النسفي",3c11737524b51c3534c04b5835ddd363,232,17,92
02-17,"النسفي",3600eb818ef009f78c699e51de1bcdc2,232,29,47
02-17,"النسفي",0a188c6a162f3a18f44aa5bf711b3ac5,231,16,60
02-17,"النسفي",cf7e884dbf3a125f24d3ed2fecf9bbb5,231,23,105
02-17,"النسفي",f1d5d43b689020b3c5ad1b94ca8254b3,230,18,97
02-17,"النسفي",9d5a5099413ddb762a9353fd8bfff81d,230,19,77
02-17,"النسفي",f38eceacd8253db6862ef03f2af79a72,229,13,9
02-17,"النسفي",127f78afcc279ea08385648d68e84dc2,229,17,87
02-17,"النسفي",70d38906620e5e20c8e18639b689f330,229,17,95
02-17,"النسفي",b2ef0540a17702c2b3c46b2682bd8761,229,22,6
02-17,"النسفي",66a6ac833d3d8f27d574bf5f791922ff,229,22,75
02-17,"النسفي",3b562e354dc9b456ba6b2b89843c512d,228,10,3
02-17,"النسفي",62bc7a453c0449454aabdaade0b9184c,228,14,6
02-17,"النسفي",824a1b6977249d673013452755649601,228,27,63
02-17,"النسفي",619d00417ce1bb42d3ca77f84e60c45c,227,14,28
02-17,"النسفي",13677d0e15d6309e1aad2c9baf06424f,227,15,3
02-17,"النسفي",86503d3af73d30b7987639db7d7a12bb,227,19,9
02-17,"النسفي",04901a1c150bf19752859ac6ae4ba8c5,227,27,67
02-17,"النسفي",791c443b22b533312db5d4610f568d62,226,26,196
02-17,"النسفي",9f0ff8a95c608319517676579ad0b582,225,10,51
02-17,"النسفي",f385f2a12add708bebfa8dc3c18b86b8,225,11,33
02-17,"النسفي",4ea3c842fcee6c8a1ac29b51e91fe8d3,225,15,30
02-17,"النسفي",0f676668cea326c38f28d37ac2ca6d16,225,25,34
02-17,"النسفي",4d1349bd2d97b7b13c9a6bf3afaf2bca,225,26,54
02-17,"النسفي",3150689aa9cabdb5c897b4eee1f1f559,224,28,48
02-17,"النسفي",b1511b88efed4309f5ba339c8a4a29d4,223,27,28
02-17,"النسفي",cce07b3d7bf2f2dc054468026bee32bd,223,28,72
02-17,"النسفي",f1de3b319c9a90654c575c8970adb1e1,223,29,32
02-17,"النسفي",8bb8ed8839735e80da51193226f388d2,223,100,1
02-17,"النسفي",317d7b917fb95dbd93ff243e9552f985,222,10,55
02-17,"النسفي",584d3f211e2baa1f0c9fe6138848322e,222,26,182
02-17,"النسفي",c554b69c7a5efc7462c96a31ea1b26a4,221,26,94
02-17,"النسفي",bec784547027998b9efeeff2e3285cd3,221,28,25
02-17,"النسفي",d39b1db91c0f7389dbdf5d58a46fd574,221,29,1
02-17,"النسفي",979584d67420e7ebb8c296fbc7ad836d,220,19,88
02-17,"النسفي",535bb64d1f3c0606a37ada35a4c704de,220,23,41
02-17,"النسفي",daed02a2f023d03ad7f4e3f75a71c11a,220,28,1
02-17,"النسفي",2b47cbf2a83dd1992c6385ff5410d927,219,14,4
02-17,"النسفي",3d78a52381bac98a55faaf6ac821cb5a,218,15,43
02-17,"النسفي",e6393141aac0b0e9a28b3f9ee3456645,218,25,71
02-17,"النسفي",20d6dc8089b3b4d01a4ef35560a3180f,218,28,46
02-17,"النسفي",cfa9b24ae6928732e05ea882d4286e0a,217,25,13
02-17,"النسفي",37a533839ab35623afd6403f732d7c94,216,26,226
02-17,"النسفي",0ce1e1d297b13124733da5af4424445b,215,14,32
02-17,"النسفي",b9ceb8831d20467da928774d20b59afe,215,16,84
02-17,"النسفي",063765834c9dc031360d10603dddfb10,215,22,30
02-17,"النسفي",a069669d9d28dcb5403832eb4b3bd680,215,26,61
02-17,"النسفي",0cbc223b9aaf74049a023ba0d34f7988,214,64,15
02-17,"النسفي",ed9750d13baf444338820cd66e12dcab,213,10,31
02-17,"النسفي",fce337109d5264c70c34a0874d46deb0,213,10,59
02-17,"النسفي",7a0878bb9eb258e1f1f10beb6af0f085,213,21,49
02-17,"النسفي",7c98cca7c92a91075b866584a5d67880,213,22,53
02-17,"النسفي",a1c415f455e147f0aebce232b5e23e43,213,29,36
02-17,"النسفي",e915ca453fbabd86ae5c022fbccdb876,212,17,2
02-17,"النسفي",499abee30c54dacae4f269793d551570,211,18,40
02-17,"النسفي",bee0883a16f5069562e70e05ce1d8f1e,210,16,67
02-17,"النسفي",9183e04927e7122f28bbd1099704b6da,210,18,75
02-17,"النسفي",8e05f1403c2ffef174f49398aaa6bfe9,210,20,109
02-17,"النسفي",700c751a07aa8870352cd2a9982820cf,210,29,15
02-17,"النسفي",bd4304bfc9a7abdda097367fe6b4bcb5,210,29,26
02-17,"النسفي",b96d2097c3583ca8f7c6d1b1f3989b67,209,11,1
02-17,"النسفي",36aef264a350d4ac142ffddd4c117fd8,209,19,14
02-17,"النسفي",596a635b27434172ebf9814ec9075cf8,209,21,69
02-17,"النسفي",ea4f1a6134df5f6aeb5a77994526151b,209,26,166
02-17,"النسفي",57f7f46f896cfe9b421d52f1d82e4d1e,209,28,11
02-17,"النسفي",02d3c2596dfc6514f008e10223612a66,208,13,24
02-17,"النسفي",d485eb1bc6936febe322ec092492499d,208,16,76
02-17,"النسفي",7e81935520fe7c2f6550e0ad908cc71e,208,25,41
02-17,"النسفي",57cbd942f0361b86379c6a8a6ea01fe0,207,17,59
02-17,"النسفي",a5fa8eadb868ed5c37cc84ff4a0348ed,206,28,16
02-17,"النسفي",5c3692045639f380ce3d441f56cf2b27,206,30,44
02-17,"النسفي",5770ace0804e8150f647888f7c651a1d,205,11,89
02-17,"النسفي",6641d1d4dba980a04a150a18ec0bdcce,205,12,4
02-17,"النسفي",e2d7fd38fef0cce2411a3bd87b48d756,205,18,102
02-17,"النسفي",6147eb9927476b6a8953360645ae8b4c,205,25,63
02-17,"النسفي",b646e9fe5c185b3f3df6a1f9678a9637,204,16,43
02-17,"النسفي",9aa83acfbfd9d7cdc5d0890df4d78179,204,30,38
02-17,"النسفي",6e0ed753999bc7af95543e690913aa58,203,17,72
02-17,"النسفي",8ba4c861830d678aca9e8846283a860e,203,26,131
02-17,"النسفي",b28c2b4c510ab8f39da1a4b290124c9b,202,15,67
02-17,"النسفي",8b84cdad139de4f525be67153d5b6be3,202,19,80
02-17,"النسفي",b7c9257590882a24f617e9a6271da609,202,30,57
02-17,"النسفي",51386eaa271df61dc6b2908a3b4fccce,201,11,114
02-17,"النسفي",252b2691a1aa641375967f5700990bdb,201,14,38
02-17,"النسفي",6eb97f5e8f4d4f2ca8a33149e57ce26b,201,18,50
02-17,"النسفي",9f2d659ca40ba8a7fa84a79586cd1dec,201,20,122
02-17,"النسفي",8b7a0c9cc0cc30cd6fc0b7b8028cc28a,201,26,111
02-17,"النسفي",0ea2d5eaa89bc44cbdb06e889f4c9b05,200,19,27
02-17,"النسفي",d8dd54b4dc87ca77a7c0d2616af134a0,200,21,89
02-17,"النسفي",78dbac5f37195fc7faae6b59b7d05d1f,200,26,35
02-17,"النسفي",e038fc7a28961375bdfbe4842ef13ce3,200,28,29
02-17,"النسفي",ee562d98e416d8506a4a93d2160c669f,199,14,1
02-17,"النسفي",7d65aa90b326e8efc807f43631fb161a,199,21,6
02-17,"النسفي",4e933625dd29cc4c2a86ed827e602188,199,28,62
02-17,"النسفي",d2293fe80d84c6afea7dba40671da77b,199,29,29
02-17,"النسفي",f12b04393ea24cd0218081c7c6d7eaaf,198,22,11
02-17,"النسفي",e2a00f8a3e5c3ee416d642b679d9eab5,198,24,9
02-17,"النسفي",fcd691a2b0f7637a51005bc327703afa,198,26,67
02-17,"النسفي",277d8163e539f5de89c063cb486966c9,198,26,172
02-17,"النسفي",01534b7e170734df18d85c47701bb6c4,198,26,209
02-17,"النسفي",d8d271346a5f5115649c606c2243e3e8,197,10,102
02-17,"النسفي",c00d072b80caabc742741fc365ccd45a,195,10,73
02-17,"النسفي",a8ef1aa206bc1d334dd6b78db511d16d,195,10,90
02-17,"النسفي",7daeeb82662b278bf5f8e97a66cacd4d,195,15,61
02-17,"النسفي",575994bcfeda5cba8306e5df8807fca8,195,17,43
02-17,"النسفي",56f649c41def0b9e049f402202097bba,194,23,76
02-17,"النسفي",815c520a819b261a833ef2011d7a2939,193,109,1
02-17,"النسفي",732bf3664e8335dc62d6b6d1317b172d,192,19,6
02-17,"النسفي",2796e0e94b4c40627f23977663dfd5d5,191,16,70
02-17,"النسفي",215f6a5a8c8a176069e0b9f5c121606c,191,22,35
02-17,"النسفي",85157c0897d5d887051bc8b8d476c258,191,25,9
02-17,"النسفي",3c69eb4a2336c4a6d137ba772d9159e8,191,102,1
02-17,"النسفي",e0a0e82ccf24f73c28b5f497b3c03e9c,190,11,49
02-17,"النسفي",15b4fa08d962e639ba533d033817ac27,189,10,67
02-17,"النسفي",8f3889a8b8730a627b296488a2293e40,189,12,54
02-17,"النسفي",94631288edec14dac44654f48c79a8d9,189,29,61
02-17,"النسفي",20f0432fc58233f03d31c82ab06eb13d,189,39,74
02-17,"النسفي",8c833353960ae94a5cead891af91014d,188,10,95
02-17,"النسفي",0ebda6f3e5db2091164c3b6adf455b1e,188,31,28
02-17,"النسفي",6a60ffb498d15fce70924c84d938570f,187,16,98
02-17,"النسفي",b9ff2bae053b8821ab94ef8bd8f2d11f,186,22,27
02-17,"النسفي",794a384615091455f496bfc3b47f0180,186,24,5
02-17,"النسفي",c7d7da4dc2a10917d19859f75bb490cd,186,24,42
02-17,"النسفي",aa51d054f6299f62875c6548aecdc1b8,185,16,81
02-17,"النسفي",bd291c443adbd44ffbad887e98b66c65,185,26,118
02-17,"النسفي",4f69d3f898b9539816bf6b71fa8cfd06,185,28,84
02-17,"النسفي",b1f8b18c8f9e2dbf23e8ed7bc81bc37e,185,110,1
02-17,"النسفي",b0a090a20e5965b637538d44d035a155,184,18,95
02-17,"النسفي",73fde5274cd064c4b8306f9dcd0d3d53,184,23,79
02-17,"النسفي",c8d4951627a7790e313d3ecdeac715b1,184,30,9
02-17,"النسفي",6bdfed012f3cfcf37009d338b617b22e,182,15,1
02-17,"النسفي",48f33e3d7fb4da61ae2119e747aad631,182,28,86
02-17,"النسفي",4dea814538caf19a6b1d650fc9203d99,182,96,15
02-17,"النسفي",ed826ff178404dc9eebd0995f3e68c5c,181,12,44
02-17,"النسفي",ae62b336d5f38b78736709bab10328a6,181,18,1
02-17,"النسفي",d55c9b6976ba919f4717b5bbff4cbcc8,181,21,14
02-17,"النسفي",d337e29aaa4a4b01cba333ae051d76a6,179,12,107
02-17,"النسفي",f5e199197069d2479f5243bd6c22b4e0,179,21,32
02-17,"النسفي",744d8c66990b64841a9364413aceca0b,179,31,21
02-17,"النسفي",bd6eb7746fbbb3ba8f3c6d5c25cc3d85,178,12,100
02-17,"النسفي",56333adc763bd5ee5d393490a7188b7e,178,27,1
02-17,"النسفي",8564943ce89b9ea5082b000086ba7114,177,14,11
02-17,"النسفي",6bdd934b0ec786a364450af8e69a60eb,177,19,93
02-17,"النسفي",35256e03e49bcb916a8d522ebee7d167,177,28,33
02-17,"النسفي",85d4af9a8cfc0eea7c972b6b1576cb14,177,108,1
02-17,"النسفي",84839883553c81a183ffd5b607ba6d38,176,11,66
02-17,"النسفي",99f982deeb16b88193f6f0e47d26f0a2,176,12,25
02-17,"النسفي",350f145b34c01c2670034c00dd2bd225,175,25,19
02-17,"النسفي",a37e59685895d127645df4e96d903f2a,174,26,156
02-17,"النسفي",68f66ef2156d460aa56981542fdf4ba1,172,10,16
02-17,"النسفي",d53cd41bf15f335eaed28bb2bc078448,172,13,1
02-17,"النسفي",dfb7ca2b60dab51bfd9d077574eefcbd,172,16,10
02-17,"النسفي",5fdc24fb1776ef541055ce249859a165,172,24,4
02-17,"النسفي",981023fa73e9ae97d82c0ac467029e38,172,101,1
02-17,"النسفي",5125959e97179a7428eed38d7e15e64e,171,20,133
02-17,"النسفي",9b89cf91f9a0355c826effb21caaff34,170,27,41
02-17,"النسفي",0e4d552c0cef181f29379d9eb2eea901,169,14,49
02-17,"النسفي",c169d6b1d322dff44f49242bbbf6d71a,169,23,1
02-17,"النسفي",687a654dcf87f117fb1ba2aea2b2f6c4,168,16,107
02-17,"النسفي",9bbce8b990d703f2e1c5ce7cfd3e4fa3,167,17,40
02-17,"النسفي",7346461a2c3be97c1b80a43065945f02,167,19,39
02-17,"النسفي",95a17746bc275df4b64564ce92b55ffe,167,21,80
02-17,"النسفي",eb516ea787399c82349601555bfaaf38,166,12,85
02-17,"النسفي",1ac05bcd00a35399ccc0fccc0c050ad8,166,21,1
02-17,"النسفي",21965e1ba4b6738f5a5237707e766366,166,21,73
02-17,"النسفي",22c217831a0dda12aa64cc59a27b85eb,165,28,10
02-17,"النسفي",c17d4a1cf382589e3c3bd0a57ae55d8c,164,23,101
02-17,"النسفي",6ade9845dbcf1e571e65ba5eeebe5726,163,22,20
02-17,"النسفي",90bf306efa19f28c18ab938e55174568,163,25,3
02-17,"النسفي",e15873945f380c505498c6577ca911ef,161,25,29
02-17,"النسفي",ba5483b404cb090487aa9453b329942d,160,21,105
02-17,"النسفي",498ca204a4e4b638b9596438f004321a,159,26,1
02-17,"النسفي",0c109592fb47d29a1d9e883eedffcb50,158,23,92
02-17,"النسفي",e60745c0f9596f932e09343599cb0286,157,16,1
02-17,"النسفي",13aded94135eee99e1488bd82af16103,157,24,64
02-17,"النسفي",78fee41c29b37165e7397dec4d91e7d5,157,27,8
02-17,"النسفي",28ae9011f52765a44f9b36fe6628bb27,155,17,106
02-17,"النسفي",cbe1cbf8a5fa915c455912e1f0e43b62,154,12,46
02-17,"النسفي",ab1bf1334981e6ae603c3dc36b2c4f1a,154,21,38
02-17,"النسفي",48e9907ed1693f6ae02ecb74994a048a,153,15,95
02-17,"النسفي",027e28347d31608a1585908852f78585,153,16,27
02-17,"النسفي",ec775914ef13bc5e15689afc2b0379fd,153,18,87
02-17,"النسفي",502f0ac615c427612a325e413c1ae898,151,29,9
02-17,"النسفي",59ae4b0986b124470c7c3e4e16883e50,150,18,18
02-17,"النسفي",81c14dfa2d72f8c336a5a4cea75554a1,150,19,72
02-17,"النسفي",901d915a63e1b6ffd857f1133d125f24,148,20,1
02-17,"النسفي",85da839191fdd6505867b3fc2172cb1f,148,24,59
02-17,"النسفي",56b2b1f13aaae24134ab010b8a04d5eb,148,29,46
02-17,"النسفي",c4e02138e19571686158a69d20a2b08a,146,22,3
02-17,"النسفي",a950775ffc9cc5d0f3f10dd10718ea97,146,28,69
02-17,"النسفي",7a4850a4348bc9fc9b4ff358678c9bf7,145,12,93
02-17,"النسفي",24ce6fe338dead6a77be6ca75e7555c1,144,21,25
02-17,"النسفي",c6cbb57036b41f56748232456a8cf437,143,18,33
02-17,"النسفي",795610a872df8f9a154f04c9647fbb8b,143,23,28
02-17,"النسفي",5114537708d09566d51fff0e6a9c098c,142,16,89
02-17,"النسفي",62f4d6b084af9e50f086ed77410d9872,140,12,10
02-17,"النسفي",61e12c213ec6ca6b029f446f9a25d7ec,139,23,21
02-17,"النسفي",46657bf6225fb3632530af68abd4fbf5,137,18,13
02-17,"النسفي",57b24566ec031e69409e62f1fad4d614,137,28,39
02-17,"النسفي",53e04d98fced04eea64cd4e96f33c883,134,10,40
02-17,"النسفي",858cc5dbdc3e13a496fd6ca096f17877,133,24,54
02-17,"النسفي",1c929798f3cf104e07406aac9a2f552b,131,27,89
02-17,"النسفي",d582a326cdfaee93c3ea7b792084b0de,130,24,32
02-17,"النسفي",0660300c94b467c418248e92a006e72d,129,26,224
02-17,"النسفي",094612753b32705461f17226f6fdae44,128,24,34
02-17,"النسفي",f76364e3af70d0e87441c92d60d5dd61,127,10,5
02-17,"النسفي",5fc580548ee6a7930217785ea3d28c52,125,84,1
02-17,"النسفي",97e918078495876e195a27e900853659,124,15,88
02-17,"النسفي",54c52fe71eda5a7a46c785c997be64b5,123,27,19
02-17,"النسفي",2cc837abb5b45e74bc7a3c1d63478b95,122,103,1
02-17,"النسفي",e84170c5bfb32ec20db5d583fe1edde0,119,12,58
02-17,"النسفي",eadcda49cc094175460e3920f730f674,116,24,60
02-17,"النسفي",54fceb9b633c04c033d81abadd0a5a3f,114,17,61
02-17,"النسفي",1efe9fbc1f70a1f83f952c8bdcbf3b19,114,23,117
02-17,"النسفي",56c13e3bb6c9eb0612d7af491efbe2df,113,25,76
02-17,"النسفي",73b2bc7e222222c2a43caaa54acd5552,113,30,31
02-17,"النسفي",047216f3c670a99eb2acc7199f036a98,108,11,109
02-17,"النسفي",a25306dc3c3514a748431fda790750b5,108,16,117
02-17,"النسفي",4d8e95911b1ec745283f145a3db59a22,107,11,28
02-17,"النسفي",11c71305324502fb5d18446fde167458,105,14,51
02-17,"النسفي",d1dce0ef909bffa7d42ec5a2fb27c971,104,19,5
02-17,"النسفي",d73764602541aec00e8316de57e285e1,104,19,46
02-17,"النسفي",7026b19e76397e728b9b4b93f30ca6fb,103,31,1
02-17,"النسفي",52ad7e69ba280359f307c551675d5226,99,16,127
02-17,"النسفي",045b122b8a15d702545e5880858d8bca,98,19,97
02-17,"النسفي",6d8688161b86a1ec4452758d2384585c,96,11,79
02-17,"النسفي",51858423a98f2e073fe2fd5167c29365,88,30,5
02-17,"النسفي",102166219d1861706d5d38b8fda8ba7e,72,10,25
02-17,"النسفي",caecef897884f5a336b3edfaa8bd36a6,60,26,90
02-17,"النسفي",04998d6583bf08e3f83a2b6f05f8534f,57,17,86
02-17,"النسفي",b971fecbbfde15e14802a2d40ce9a89b,38,13,32
02-17,"النسفي",dcd44bc3fb91748f56727e7d89515564,28,10,109
